{
  "contract_version": 2,
  "reason": null,
  "spaces": [
    {
      "closed": true,
      "component_count": 1,
      "components": [
        {
          "closed": true,
          "component_index": 0,
          "face_count": 12,
          "flipped_winding": false,
          "manifold": true,
          "outward_normals": true,
          "vertex_count": 8,
          "volume_m3": 3.3600000008959796e-05
        }
      ],
      "express_id": 33,
      "face_count": 12,
      "global_id": "3S3Zp4sOv1tvaDTwZCrlzD",
      "manifold": true,
      "mesh": {
        "faces": [
          [
            6,
            3,
            2
          ],
          [
            6,
            4,
            3
          ],
          [
            6,
            0,
            7
          ],
          [
            6,
            2,
            0
          ],
          [
            2,
            1,
            0
          ],
          [
            2,
            3,
            1
          ],
          [
            1,
            3,
            4
          ],
          [
            5,
            1,
            4
          ],
          [
            5,
            4,
            6
          ],
          [
            7,
            5,
            6
          ],
          [
            1,
            5,
            7
          ],
          [
            0,
            1,
            7
          ]
        ],
        "vertices": [
          [
            5.002,
            5.9985,
            0.0
          ],
          [
            4.998,
            5.9985,
            0.0
          ],
          [
            5.002,
            5.9985,
            2.8000000000000003
          ],
          [
            4.998,
            5.9985,
            2.8000000000000003
          ],
          [
            4.998,
            6.0015,
            2.8000000000000003
          ],
          [
            4.998,
            6.0015,
            0.0
          ],
          [
            5.002,
            6.0015,
            2.8000000000000003
          ],
          [
            5.002,
            6.0015,
            0.0
          ]
        ]
      },
      "name": "Simple Room",
      "outward_normals": true,
      "reason": null,
      "repair_actions": [
        "cgal_nef_regularization"
      ],
      "repair_backend": "cpp-cgal",
      "repair_reason": null,
      "repair_status": "exact_repaired",
      "valid": true,
      "vertex_count": 8,
      "volume_m3": 3.360000001132827e-05
    }
  ],
  "status": "ok",
  "worker_backend": "cpp-cgal"
}